{
  "timestamp": "20250717_110148",
  "device": "cuda",
  "batch_size": 2000,
  "iterations": 5000,
  "temperature": 0.3,
  "d_fix": 1,
  "d_input": 3,
  "d_intermediate": 3,
  "d_output": 3,
  "neg_samples": 2000,
  "constraint_ratios": [
    0.0,
    0.1,
    0.2,
    0.3,
    0.4,
    0.5,
    0.6,
    0.7,
    0.8,
    0.9,
    1.0
  ],
  "n_runs": 5,
  "architecture": "3D sphere \u2192 Patches(3\u21923) \u2192 InversePatchesEncoder(3\u21923)",
  "training_setup": "f (InversePatchesEncoder) reinitialized each run, g (Patches) shared across all experiments",
  "results": [
    {
      "constraint_ratio": 0.0,
      "run_id": 0,
      "result": {
        "constraint_ratio": 0.0,
        "linear_score": 0.24372410774230957,
        "perm_score": 0.2578596561549421,
        "angle_error": 0.2853332757949829,
        "final_loss": 5.827661991119385
      },
      "run_time_seconds": 3149.2828063964844,
      "timestamp": "2025-07-17T11:54:17.354103"
    }
  ]
}