{
  "timestamp": "20250701_185538",
  "device": "cuda",
  "batch_size": 4000,
  "iterations": 5000,
  "temperature": 0.3,
  "d_fix": 1,
  "neg_samples": 4000,
  "constraint_ratios": [
    0.0,
    0.1,
    0.2,
    0.3,
    0.4,
    0.5,
    0.6,
    0.7,
    0.8,
    0.9,
    1.0
  ],
  "n_runs": 5,
  "results": [
    {
      "constraint_ratio": 0.0,
      "run_id": 0,
      "result": {
        "constraint_ratio": 0.0,
        "linear_score": 0.9943966269493103,
        "perm_score": 0.6848007357457648,
        "angle_error": 0.04700454697012901,
        "final_loss": 6.750827312469482
      },
      "run_time_seconds": 1531.0838210582733,
      "timestamp": "2025-07-01T19:21:09.092811"
    }
  ]
}